file_name,NOSE_x,NOSE_y,NOSE_score,LEFT_EYE_x,LEFT_EYE_y,LEFT_EYE_score,RIGHT_EYE_x,RIGHT_EYE_y,RIGHT_EYE_score,LEFT_EAR_x,LEFT_EAR_y,LEFT_EAR_score,RIGHT_EAR_x,RIGHT_EAR_y,RIGHT_EAR_score,LEFT_SHOULDER_x,LEFT_SHOULDER_y,LEFT_SHOULDER_score,RIGHT_SHOULDER_x,RIGHT_SHOULDER_y,RIGHT_SHOULDER_score,LEFT_ELBOW_x,LEFT_ELBOW_y,LEFT_ELBOW_score,RIGHT_ELBOW_x,RIGHT_ELBOW_y,RIGHT_ELBOW_score,LEFT_WRIST_x,LEFT_WRIST_y,LEFT_WRIST_score,RIGHT_WRIST_x,RIGHT_WRIST_y,RIGHT_WRIST_score,LEFT_HIP_x,LEFT_HIP_y,LEFT_HIP_score,RIGHT_HIP_x,RIGHT_HIP_y,RIGHT_HIP_score,LEFT_KNEE_x,LEFT_KNEE_y,LEFT_KNEE_score,RIGHT_KNEE_x,RIGHT_KNEE_y,RIGHT_KNEE_score,LEFT_ANKLE_x,LEFT_ANKLE_y,LEFT_ANKLE_score,RIGHT_ANKLE_x,RIGHT_ANKLE_y,RIGHT_ANKLE_score,class_no,class_name
pose_class/frame_354.jpg,639.0,129.0,0.67292434,648.0,116.0,0.85540885,647.0,116.0,0.865246,685.0,115.0,0.87649786,682.0,114.0,0.72500247,703.0,188.0,0.9068869,693.0,188.0,0.8744563,696.0,304.0,0.6264837,684.0,298.0,0.6367594,624.0,362.0,0.8431047,624.0,345.0,0.62629044,751.0,358.0,0.9230318,738.0,359.0,0.85518485,689.0,510.0,0.8046783,672.0,495.0,0.65266156,732.0,652.0,0.84407085,706.0,619.0,0.78934073,0,pose_class
pose_class/frame_356.jpg,639.0,123.0,0.7777409,649.0,110.0,0.75980544,648.0,109.0,0.73802197,683.0,109.0,0.6428122,683.0,108.0,0.82686746,701.0,182.0,0.7089455,694.0,182.0,0.7855411,692.0,296.0,0.739692,686.0,293.0,0.611005,620.0,362.0,0.7682,625.0,351.0,0.61613154,747.0,353.0,0.9253408,734.0,354.0,0.8531251,692.0,510.0,0.7074419,674.0,493.0,0.8689007,731.0,649.0,0.8139338,705.0,617.0,0.7741016,0,pose_class
pose_class/frame_358.jpg,642.0,118.0,0.6104549,650.0,105.0,0.7513027,649.0,105.0,0.7687635,687.0,103.0,0.8536084,684.0,102.0,0.70426214,703.0,176.0,0.84705013,696.0,174.0,0.88037753,690.0,291.0,0.777897,683.0,287.0,0.6618501,622.0,360.0,0.861292,624.0,348.0,0.50622916,741.0,351.0,0.9269438,731.0,352.0,0.8556018,697.0,509.0,0.80095524,677.0,492.0,0.7383929,729.0,648.0,0.9013656,705.0,619.0,0.8017428,0,pose_class
pose_class/frame_360.jpg,644.0,113.0,0.716774,651.0,100.0,0.78192055,650.0,99.0,0.8069149,689.0,97.0,0.6983352,685.0,97.0,0.7096052,703.0,170.0,0.9112241,698.0,169.0,0.86714053,682.0,284.0,0.6582447,678.0,281.0,0.73208773,620.0,357.0,0.7828746,623.0,349.0,0.4302556,738.0,348.0,0.9178964,728.0,349.0,0.851009,696.0,505.0,0.8207378,680.0,489.0,0.702005,730.0,653.0,0.80499893,707.0,617.0,0.59012216,0,pose_class
pose_class/frame_362.jpg,645.0,111.0,0.7561582,652.0,96.0,0.8772642,651.0,95.0,0.8091126,689.0,95.0,0.86589277,688.0,93.0,0.7774527,705.0,167.0,0.8661809,700.0,164.0,0.86468756,684.0,278.0,0.7337965,678.0,277.0,0.6862068,621.0,354.0,0.7052251,623.0,348.0,0.51977515,731.0,346.0,0.81061393,724.0,347.0,0.7775997,702.0,509.0,0.84283996,686.0,493.0,0.7307194,731.0,649.0,0.82475626,706.0,617.0,0.704643,0,pose_class
pose_class/frame_364.jpg,645.0,107.0,0.6581756,652.0,94.0,0.74654806,651.0,93.0,0.80973333,691.0,92.0,0.85184115,689.0,91.0,0.6789918,705.0,164.0,0.83846664,702.0,161.0,0.8773836,682.0,276.0,0.7134216,678.0,275.0,0.6919166,618.0,354.0,0.7649198,626.0,348.0,0.59264266,730.0,345.0,0.89511186,720.0,346.0,0.7638922,704.0,506.0,0.8464234,689.0,494.0,0.8629369,731.0,651.0,0.854017,707.0,618.0,0.7896485,0,pose_class
pose_class/frame_366.jpg,646.0,105.0,0.7570356,654.0,91.0,0.81421053,652.0,90.0,0.7230519,691.0,89.0,0.89914536,689.0,89.0,0.7766502,705.0,161.0,0.76888484,703.0,159.0,0.8807275,680.0,274.0,0.72592795,677.0,273.0,0.691872,620.0,351.0,0.77136403,625.0,344.0,0.5386464,725.0,344.0,0.8824347,717.0,344.0,0.762367,709.0,509.0,0.7950547,694.0,495.0,0.8107131,730.0,648.0,0.8195417,708.0,618.0,0.6023028,0,pose_class
pose_class/frame_368.jpg,647.0,103.0,0.71885705,656.0,88.0,0.72332156,655.0,88.0,0.72911835,695.0,88.0,0.7160133,691.0,88.0,0.6805935,705.0,163.0,0.7377134,704.0,158.0,0.8269321,679.0,274.0,0.65996933,675.0,273.0,0.65836227,622.0,351.0,0.7227788,625.0,344.0,0.48423594,721.0,343.0,0.8828506,716.0,343.0,0.7909492,709.0,506.0,0.82896054,698.0,496.0,0.7385153,729.0,649.0,0.8809963,709.0,617.0,0.7385107,0,pose_class
pose_class/frame_370.jpg,649.0,100.0,0.7598261,658.0,86.0,0.52529156,657.0,86.0,0.5261084,696.0,87.0,0.8292716,692.0,86.0,0.6000767,705.0,161.0,0.77596796,706.0,156.0,0.8535726,678.0,273.0,0.66305196,678.0,271.0,0.6771402,621.0,350.0,0.5770265,627.0,344.0,0.4295484,718.0,340.0,0.8742511,713.0,340.0,0.79254824,713.0,504.0,0.86499935,699.0,494.0,0.71076643,730.0,650.0,0.8851873,709.0,615.0,0.76191807,0,pose_class
pose_class/frame_372.jpg,650.0,100.0,0.7856895,659.0,86.0,0.71879035,658.0,85.0,0.60782516,695.0,88.0,0.8661684,694.0,87.0,0.7308252,704.0,159.0,0.8537421,706.0,156.0,0.8624213,679.0,271.0,0.6831299,678.0,271.0,0.6956352,623.0,351.0,0.7176607,627.0,344.0,0.49960235,716.0,338.0,0.86995625,711.0,338.0,0.78768724,713.0,502.0,0.80345535,698.0,495.0,0.86125505,730.0,647.0,0.8652649,708.0,617.0,0.82070863,0,pose_class
pose_class/frame_374.jpg,649.0,98.0,0.7749785,660.0,84.0,0.6198588,659.0,83.0,0.56982356,697.0,87.0,0.72042716,695.0,86.0,0.68430054,706.0,156.0,0.845399,707.0,154.0,0.71032655,678.0,269.0,0.6951905,677.0,270.0,0.7306137,624.0,350.0,0.76473045,627.0,344.0,0.4981447,713.0,337.0,0.87557214,710.0,337.0,0.80189186,715.0,502.0,0.8530556,701.0,497.0,0.8638545,731.0,647.0,0.662269,708.0,618.0,0.6690582,0,pose_class
pose_class/frame_376.jpg,651.0,97.0,0.68116844,660.0,84.0,0.67036736,660.0,83.0,0.6886928,699.0,85.0,0.8841518,696.0,85.0,0.67030275,706.0,156.0,0.7488928,706.0,153.0,0.7930001,677.0,270.0,0.66606224,676.0,270.0,0.697326,627.0,348.0,0.8095356,630.0,342.0,0.574906,712.0,337.0,0.8702984,708.0,337.0,0.8050658,715.0,504.0,0.7760958,703.0,495.0,0.80383754,730.0,646.0,0.8198025,708.0,617.0,0.7564156,0,pose_class
pose_class/frame_378.jpg,653.0,96.0,0.7065027,661.0,82.0,0.4380884,661.0,81.0,0.56644124,699.0,86.0,0.8930868,696.0,85.0,0.69521534,705.0,157.0,0.753719,707.0,154.0,0.82844466,677.0,269.0,0.67406476,677.0,270.0,0.6847323,628.0,346.0,0.8042434,631.0,341.0,0.5786744,710.0,337.0,0.8725496,707.0,336.0,0.80775625,716.0,505.0,0.7818028,704.0,498.0,0.8112527,730.0,646.0,0.7270448,708.0,618.0,0.73752296,0,pose_class
pose_class/frame_380.jpg,654.0,96.0,0.7594231,663.0,83.0,0.6558068,663.0,82.0,0.5484811,700.0,85.0,0.90407836,698.0,85.0,0.7557339,705.0,157.0,0.7610311,708.0,153.0,0.8627337,678.0,268.0,0.661618,677.0,268.0,0.6283767,630.0,345.0,0.7321127,633.0,340.0,0.56429076,709.0,336.0,0.85753465,705.0,336.0,0.7770195,717.0,503.0,0.75621927,703.0,497.0,0.83069307,731.0,647.0,0.8408351,709.0,618.0,0.76874965,0,pose_class
pose_class/frame_382.jpg,655.0,97.0,0.7748515,664.0,83.0,0.6404879,664.0,82.0,0.6067526,700.0,87.0,0.88640183,699.0,85.0,0.7567793,705.0,159.0,0.7578885,709.0,155.0,0.8703244,677.0,270.0,0.6693546,676.0,270.0,0.6720269,629.0,347.0,0.7455146,632.0,340.0,0.56945765,708.0,337.0,0.8623004,704.0,336.0,0.7697247,716.0,501.0,0.75278896,704.0,495.0,0.8562255,731.0,647.0,0.8486483,709.0,618.0,0.7773365,0,pose_class
pose_class/frame_384.jpg,656.0,96.0,0.7474153,665.0,83.0,0.6104768,665.0,82.0,0.56879497,701.0,87.0,0.85930216,699.0,86.0,0.7344193,707.0,159.0,0.82711124,711.0,154.0,0.857432,679.0,269.0,0.66641057,677.0,269.0,0.64028096,627.0,347.0,0.6549101,632.0,341.0,0.5818931,707.0,335.0,0.8266745,703.0,335.0,0.7113254,716.0,501.0,0.7249108,705.0,496.0,0.8780169,731.0,649.0,0.8643623,710.0,616.0,0.71369296,0,pose_class
pose_class/frame_386.jpg,656.0,96.0,0.67251325,665.0,82.0,0.703841,665.0,81.0,0.7345253,700.0,87.0,0.829064,699.0,86.0,0.6785587,707.0,158.0,0.8456785,709.0,154.0,0.83613265,682.0,269.0,0.65303946,681.0,268.0,0.70003664,628.0,349.0,0.6111759,629.0,344.0,0.3913708,706.0,335.0,0.78892756,701.0,334.0,0.6149739,715.0,500.0,0.8108065,705.0,497.0,0.87731075,730.0,650.0,0.8514459,710.0,617.0,0.7331738,0,pose_class
pose_class/frame_388.jpg,656.0,95.0,0.6729951,665.0,81.0,0.6804117,665.0,80.0,0.7172521,700.0,87.0,0.8173979,699.0,85.0,0.68987805,707.0,158.0,0.8492154,710.0,154.0,0.8528402,683.0,270.0,0.7023459,682.0,270.0,0.68729275,632.0,348.0,0.70476234,632.0,343.0,0.5003158,706.0,338.0,0.8529552,703.0,338.0,0.7465819,716.0,502.0,0.79029226,705.0,497.0,0.8781838,731.0,646.0,0.8563849,709.0,618.0,0.7829524,0,pose_class
pose_class/frame_390.jpg,658.0,95.0,0.4751337,666.0,82.0,0.6307201,666.0,81.0,0.69421685,704.0,87.0,0.7652411,701.0,87.0,0.6873627,706.0,160.0,0.8404707,711.0,156.0,0.83193386,684.0,270.0,0.7033292,682.0,270.0,0.66364515,632.0,348.0,0.72475404,632.0,343.0,0.5337022,704.0,338.0,0.8429525,702.0,337.0,0.73677933,715.0,502.0,0.7763511,705.0,497.0,0.8969714,731.0,647.0,0.8547206,710.0,617.0,0.577343,0,pose_class
pose_class/frame_392.jpg,657.0,95.0,0.46654525,666.0,82.0,0.6508843,666.0,81.0,0.71668553,704.0,87.0,0.7626583,701.0,87.0,0.68210256,706.0,159.0,0.85635513,710.0,156.0,0.84507716,683.0,271.0,0.702984,681.0,271.0,0.68361455,631.0,350.0,0.71941924,631.0,344.0,0.46977165,704.0,338.0,0.82390225,700.0,337.0,0.6931033,714.0,503.0,0.73192215,705.0,498.0,0.8988428,731.0,649.0,0.8720625,710.0,617.0,0.69963646,0,pose_class
pose_class/frame_394.jpg,657.0,94.0,0.45473728,666.0,81.0,0.679059,666.0,80.0,0.7493665,704.0,87.0,0.7825804,701.0,86.0,0.64473045,707.0,159.0,0.85888827,710.0,155.0,0.83993095,683.0,271.0,0.7058039,682.0,270.0,0.6879617,631.0,349.0,0.70022357,632.0,343.0,0.48812082,704.0,337.0,0.8147384,700.0,336.0,0.67952263,715.0,501.0,0.8281037,705.0,497.0,0.8895178,730.0,650.0,0.870465,709.0,616.0,0.7442391,0,pose_class
pose_class/frame_396.jpg,657.0,95.0,0.4481671,666.0,82.0,0.6653459,665.0,81.0,0.7280326,704.0,87.0,0.75730956,700.0,86.0,0.65589345,706.0,160.0,0.8585844,709.0,156.0,0.8481908,683.0,271.0,0.7182267,682.0,271.0,0.6915704,632.0,350.0,0.7065462,632.0,344.0,0.5161483,704.0,337.0,0.81025463,700.0,337.0,0.6740229,715.0,502.0,0.8232471,704.0,497.0,0.88970625,730.0,650.0,0.87053615,709.0,616.0,0.7415095,0,pose_class
pose_class/frame_398.jpg,656.0,95.0,0.5013901,665.0,83.0,0.77238727,665.0,81.0,0.8263643,703.0,86.0,0.7247447,700.0,86.0,0.61279744,705.0,161.0,0.8425315,708.0,157.0,0.8596965,683.0,272.0,0.7210875,682.0,271.0,0.6948127,632.0,349.0,0.6867298,632.0,344.0,0.4738773,702.0,337.0,0.81977594,699.0,337.0,0.6841016,714.0,503.0,0.76443833,704.0,498.0,0.8925155,731.0,647.0,0.8501025,710.0,618.0,0.5486179,0,pose_class
pose_class/frame_400.jpg,656.0,95.0,0.542994,665.0,82.0,0.769053,665.0,81.0,0.82363033,700.0,88.0,0.70852447,700.0,86.0,0.64615935,705.0,161.0,0.82800686,709.0,156.0,0.8512865,684.0,271.0,0.71784544,682.0,271.0,0.673401,632.0,349.0,0.7155416,632.0,343.0,0.5216322,702.0,337.0,0.81177557,699.0,337.0,0.674472,714.0,502.0,0.7406618,704.0,497.0,0.8798048,731.0,648.0,0.84853005,709.0,618.0,0.53566134,0,pose_class
pose_class/frame_402.jpg,656.0,95.0,0.38901183,665.0,82.0,0.74763024,664.0,81.0,0.81643414,703.0,87.0,0.77900654,700.0,87.0,0.62990177,705.0,160.0,0.8540645,709.0,156.0,0.8435366,683.0,271.0,0.7227584,682.0,271.0,0.67541313,633.0,348.0,0.7014713,633.0,342.0,0.5687078,702.0,338.0,0.8339108,699.0,338.0,0.7096692,714.0,503.0,0.78611517,703.0,497.0,0.8761297,730.0,647.0,0.84673893,708.0,617.0,0.5395551,0,pose_class
pose_class/frame_404.jpg,656.0,95.0,0.47799534,665.0,82.0,0.62594604,665.0,81.0,0.7046989,703.0,87.0,0.7984437,700.0,87.0,0.6537641,705.0,159.0,0.84680206,709.0,156.0,0.84193397,684.0,271.0,0.7030175,682.0,271.0,0.66996306,634.0,348.0,0.6742586,634.0,343.0,0.5377933,702.0,338.0,0.8331917,699.0,338.0,0.7081411,713.0,504.0,0.7649613,704.0,498.0,0.8842694,730.0,648.0,0.87533414,709.0,617.0,0.69055414,0,pose_class
pose_class/frame_406.jpg,656.0,94.0,0.4578558,665.0,81.0,0.6612351,664.0,80.0,0.7399089,703.0,87.0,0.79055744,699.0,86.0,0.63219225,705.0,158.0,0.85973793,708.0,155.0,0.8402549,684.0,271.0,0.69891447,682.0,271.0,0.6746699,634.0,349.0,0.65873647,634.0,343.0,0.5301479,701.0,338.0,0.81868017,698.0,337.0,0.6814964,713.0,503.0,0.73492867,703.0,498.0,0.8879456,730.0,649.0,0.8750088,709.0,618.0,0.69600725,0,pose_class
pose_class/frame_408.jpg,656.0,94.0,0.50672793,665.0,81.0,0.6063768,665.0,80.0,0.71197367,703.0,87.0,0.824772,700.0,87.0,0.6050499,705.0,159.0,0.85387564,708.0,156.0,0.831728,683.0,271.0,0.6880913,682.0,271.0,0.6800792,633.0,349.0,0.66710174,634.0,343.0,0.52704,702.0,338.0,0.820421,698.0,337.0,0.6880114,714.0,502.0,0.83510613,703.0,497.0,0.87986,730.0,646.0,0.68250155,709.0,616.0,0.7164389,0,pose_class
pose_class/frame_410.jpg,657.0,95.0,0.5550699,666.0,81.0,0.56489384,666.0,81.0,0.6740184,703.0,87.0,0.83744997,700.0,87.0,0.5535017,705.0,159.0,0.8559187,709.0,156.0,0.81999975,684.0,272.0,0.68320227,682.0,271.0,0.6830728,634.0,349.0,0.655261,635.0,342.0,0.5080355,702.0,337.0,0.8085549,699.0,337.0,0.6751189,714.0,501.0,0.8440441,704.0,497.0,0.87613827,730.0,646.0,0.67685246,711.0,616.0,0.6453768,0,pose_class
pose_class/frame_412.jpg,657.0,94.0,0.5005663,667.0,81.0,0.5961333,666.0,81.0,0.6778108,703.0,87.0,0.8106069,700.0,85.0,0.5489547,705.0,159.0,0.86609787,708.0,156.0,0.83088374,683.0,272.0,0.71711314,682.0,272.0,0.7031472,633.0,350.0,0.62358445,634.0,343.0,0.501704,701.0,337.0,0.7831012,698.0,337.0,0.73412037,714.0,500.0,0.83361346,704.0,497.0,0.83860666,730.0,648.0,0.6830781,711.0,615.0,0.52217036,0,pose_class
pose_class/frame_414.jpg,657.0,94.0,0.50209653,667.0,82.0,0.63725233,666.0,80.0,0.7095024,704.0,87.0,0.80307794,701.0,86.0,0.58256173,705.0,160.0,0.8435107,709.0,156.0,0.8332296,684.0,271.0,0.7143346,682.0,271.0,0.6849343,634.0,348.0,0.65221417,635.0,342.0,0.54749155,702.0,337.0,0.81438196,699.0,336.0,0.68686056,713.0,503.0,0.75574327,704.0,497.0,0.87914497,731.0,647.0,0.878935,711.0,617.0,0.60949534,0,pose_class
pose_class/frame_416.jpg,656.0,93.0,0.40527943,665.0,81.0,0.7497753,665.0,80.0,0.7969393,703.0,87.0,0.76767755,700.0,86.0,0.60598856,704.0,161.0,0.82899,708.0,157.0,0.8368109,683.0,272.0,0.7219827,682.0,271.0,0.6752573,635.0,348.0,0.66723335,635.0,342.0,0.5863937,702.0,337.0,0.8247624,700.0,337.0,0.71592486,714.0,503.0,0.79237676,704.0,497.0,0.8760981,730.0,647.0,0.8560818,709.0,617.0,0.5561438,0,pose_class
pose_class/frame_418.jpg,655.0,93.0,0.6993377,665.0,82.0,0.8361991,664.0,80.0,0.8372155,702.0,87.0,0.69473344,700.0,86.0,0.5412987,704.0,162.0,0.8249833,708.0,157.0,0.84945023,683.0,272.0,0.7179549,681.0,271.0,0.6813516,633.0,349.0,0.7163242,632.0,342.0,0.5596478,702.0,337.0,0.83229196,701.0,337.0,0.7312342,715.0,502.0,0.8127977,705.0,497.0,0.87157243,731.0,645.0,0.8132882,708.0,619.0,0.78586763,0,pose_class
pose_class/frame_420.jpg,654.0,94.0,0.7289418,664.0,82.0,0.8524732,664.0,80.0,0.83568096,699.0,87.0,0.67112017,699.0,85.0,0.5425923,704.0,163.0,0.8105256,707.0,158.0,0.8566522,682.0,273.0,0.7268512,681.0,272.0,0.7050111,631.0,350.0,0.72234035,631.0,343.0,0.5150467,703.0,337.0,0.8162031,700.0,336.0,0.70543754,715.0,503.0,0.8023775,704.0,497.0,0.8793078,731.0,646.0,0.8297554,708.0,618.0,0.79107434,0,pose_class
pose_class/frame_422.jpg,655.0,95.0,0.7318822,664.0,82.0,0.8414741,664.0,81.0,0.7979671,698.0,86.0,0.6659078,699.0,85.0,0.5013275,704.0,162.0,0.8092048,707.0,157.0,0.85320777,681.0,272.0,0.6492475,678.0,272.0,0.64064264,631.0,350.0,0.7153649,631.0,344.0,0.46060625,704.0,337.0,0.83757985,702.0,337.0,0.7419834,715.0,502.0,0.79137254,705.0,497.0,0.8803073,731.0,647.0,0.76964283,709.0,618.0,0.739171,0,pose_class
pose_class/frame_424.jpg,653.0,95.0,0.7019564,663.0,82.0,0.729208,663.0,81.0,0.74753916,698.0,87.0,0.862344,698.0,85.0,0.6860926,704.0,160.0,0.75460684,705.0,156.0,0.8420116,679.0,271.0,0.66086215,677.0,271.0,0.66831934,628.0,350.0,0.7140575,634.0,342.0,0.60925627,706.0,337.0,0.86199236,703.0,337.0,0.76460224,714.0,501.0,0.7284529,705.0,497.0,0.8087803,730.0,647.0,0.823331,709.0,617.0,0.7664711,0,pose_class
pose_class/frame_426.jpg,652.0,97.0,0.7505819,661.0,84.0,0.5851073,661.0,84.0,0.44714934,698.0,87.0,0.9008111,695.0,86.0,0.688965,703.0,159.0,0.639291,705.0,154.0,0.7927008,680.0,270.0,0.66336775,677.0,270.0,0.6668843,626.0,351.0,0.6907966,631.0,343.0,0.59730184,709.0,339.0,0.8651198,705.0,338.0,0.7734242,711.0,502.0,0.7387794,702.0,496.0,0.87371457,730.0,647.0,0.83103347,709.0,617.0,0.7626962,0,pose_class
pose_class/frame_428.jpg,651.0,99.0,0.6778038,660.0,86.0,0.6966948,659.0,85.0,0.7414454,698.0,87.0,0.85605735,695.0,86.0,0.6315398,704.0,159.0,0.66077703,706.0,155.0,0.7784896,679.0,270.0,0.70786834,677.0,270.0,0.6896154,625.0,351.0,0.6627662,630.0,343.0,0.6066891,710.0,339.0,0.8688561,707.0,339.0,0.78433895,710.0,503.0,0.7665963,702.0,496.0,0.83044195,729.0,647.0,0.8426832,709.0,615.0,0.6702063,0,pose_class
pose_class/frame_430.jpg,649.0,101.0,0.76053786,659.0,86.0,0.68127656,658.0,86.0,0.66222155,695.0,88.0,0.7408383,694.0,87.0,0.5700008,704.0,161.0,0.8593188,706.0,157.0,0.8421285,680.0,272.0,0.6935406,680.0,272.0,0.7190392,627.0,351.0,0.7505113,630.0,344.0,0.5489353,714.0,343.0,0.7744169,711.0,343.0,0.7983454,710.0,506.0,0.81286204,702.0,499.0,0.64166534,731.0,649.0,0.82884055,711.0,618.0,0.71388793,0,pose_class
pose_class/frame_432.jpg,649.0,103.0,0.7461797,658.0,89.0,0.63883954,656.0,89.0,0.6803809,696.0,89.0,0.8944522,692.0,89.0,0.6316181,705.0,164.0,0.7941959,705.0,158.0,0.85329,682.0,276.0,0.6485269,681.0,275.0,0.7368622,625.0,352.0,0.6964605,630.0,343.0,0.5337019,719.0,343.0,0.87368727,714.0,343.0,0.77234185,701.0,503.0,0.82719076,695.0,498.0,0.8809611,729.0,650.0,0.7487195,709.0,616.0,0.81760275,0,pose_class
pose_class/frame_434.jpg,647.0,107.0,0.79291046,654.0,92.0,0.81994665,653.0,92.0,0.72781837,691.0,91.0,0.8520241,690.0,90.0,0.72860825,704.0,164.0,0.8738819,704.0,160.0,0.7681883,684.0,279.0,0.6669609,683.0,276.0,0.69185853,623.0,352.0,0.66069484,631.0,345.0,0.5904832,723.0,346.0,0.8806749,719.0,346.0,0.7858887,696.0,503.0,0.8120551,691.0,495.0,0.7946836,731.0,650.0,0.7959335,709.0,616.0,0.70040405,0,pose_class
pose_class/frame_436.jpg,645.0,110.0,0.65786326,652.0,97.0,0.7503113,651.0,96.0,0.80349857,692.0,95.0,0.84214497,689.0,95.0,0.65281385,705.0,165.0,0.90701467,703.0,162.0,0.8692492,685.0,282.0,0.7626249,682.0,280.0,0.7355016,622.0,357.0,0.6484287,626.0,347.0,0.5775948,729.0,349.0,0.8814009,722.0,350.0,0.7692647,690.0,503.0,0.8216424,684.0,495.0,0.8102037,732.0,653.0,0.84700847,709.0,618.0,0.66124755,0,pose_class
pose_class/frame_438.jpg,644.0,117.0,0.7775001,650.0,102.0,0.75288415,650.0,102.0,0.70803845,688.0,100.0,0.93065095,687.0,99.0,0.81392634,705.0,173.0,0.71607435,701.0,168.0,0.892544,685.0,287.0,0.7319732,682.0,284.0,0.7363215,619.0,359.0,0.6007384,625.0,348.0,0.6311346,734.0,351.0,0.90645105,726.0,353.0,0.78511006,687.0,504.0,0.88338906,678.0,492.0,0.7723738,731.0,650.0,0.61942726,708.0,615.0,0.68338406,0,pose_class
pose_class/frame_440.jpg,643.0,123.0,0.6750107,649.0,110.0,0.7565232,649.0,109.0,0.7755952,688.0,107.0,0.838456,685.0,106.0,0.7886683,706.0,176.0,0.77347827,701.0,174.0,0.9083806,688.0,294.0,0.75221634,684.0,289.0,0.69367814,619.0,363.0,0.6858381,623.0,349.0,0.5736321,739.0,354.0,0.91146374,729.0,356.0,0.7706798,684.0,506.0,0.81346554,676.0,495.0,0.8344685,730.0,651.0,0.754466,709.0,616.0,0.6685398,0,pose_class
pose_class/frame_442.jpg,642.0,131.0,0.7430408,650.0,117.0,0.758163,648.0,116.0,0.8568777,687.0,112.0,0.8187946,684.0,111.0,0.6954462,708.0,184.0,0.78615034,698.0,182.0,0.906968,691.0,300.0,0.7389481,685.0,294.0,0.7956543,620.0,365.0,0.599517,624.0,347.0,0.50933874,744.0,357.0,0.9252411,732.0,358.0,0.8495392,681.0,509.0,0.8440896,671.0,496.0,0.79145086,727.0,652.0,0.7530071,707.0,616.0,0.64172626,0,pose_class
pose_class/frame_444.jpg,640.0,135.0,0.8197111,647.0,121.0,0.8135286,646.0,121.0,0.709736,683.0,117.0,0.703069,682.0,116.0,0.5709889,705.0,185.0,0.8009622,695.0,185.0,0.79971105,696.0,304.0,0.80312514,686.0,295.0,0.7714807,623.0,362.0,0.77661806,627.0,346.0,0.7414292,747.0,357.0,0.9245404,734.0,359.0,0.84192216,680.0,510.0,0.739789,668.0,496.0,0.8505669,729.0,652.0,0.7795779,708.0,617.0,0.5372194,0,pose_class
pose_class/frame_446.jpg,640.0,141.0,0.7949947,647.0,127.0,0.67762876,646.0,127.0,0.746498,683.0,121.0,0.8754935,681.0,120.0,0.7348847,705.0,192.0,0.9236172,697.0,191.0,0.72919345,701.0,308.0,0.6968322,696.0,300.0,0.6197399,623.0,363.0,0.7803354,626.0,346.0,0.6797971,752.0,363.0,0.926403,738.0,363.0,0.84695363,679.0,511.0,0.8559897,667.0,498.0,0.74191236,729.0,651.0,0.83900994,707.0,616.0,0.7430979,0,pose_class
pose_class/frame_448.jpg,639.0,146.0,0.6711162,646.0,133.0,0.8309586,645.0,132.0,0.8217691,683.0,128.0,0.56359994,680.0,128.0,0.7322653,704.0,197.0,0.9063152,697.0,195.0,0.71462333,705.0,314.0,0.7797859,699.0,306.0,0.6741823,624.0,364.0,0.86846626,627.0,346.0,0.64526147,752.0,367.0,0.8893534,740.0,368.0,0.8429043,677.0,512.0,0.7643857,665.0,499.0,0.7395278,729.0,652.0,0.89228916,707.0,616.0,0.63037366,0,pose_class
pose_class/frame_450.jpg,639.0,152.0,0.8381964,645.0,138.0,0.7530188,644.0,137.0,0.61329806,681.0,132.0,0.87738293,679.0,132.0,0.79842174,706.0,202.0,0.8815804,697.0,201.0,0.8546897,707.0,320.0,0.76893145,700.0,310.0,0.585508,626.0,362.0,0.8380961,632.0,349.0,0.68777746,755.0,370.0,0.89588684,741.0,371.0,0.8444346,674.0,515.0,0.82883215,662.0,501.0,0.8703725,730.0,653.0,0.85115916,707.0,619.0,0.6458496,0,pose_class
pose_class/frame_452.jpg,637.0,156.0,0.7380298,644.0,141.0,0.64217687,642.0,141.0,0.63122547,681.0,137.0,0.9005731,679.0,136.0,0.76313496,707.0,205.0,0.8008619,697.0,204.0,0.79506874,710.0,323.0,0.7830118,702.0,313.0,0.5927651,626.0,363.0,0.74045193,632.0,347.0,0.6206931,758.0,373.0,0.8894331,743.0,374.0,0.84331656,676.0,514.0,0.845763,660.0,501.0,0.75746006,730.0,654.0,0.8728385,707.0,621.0,0.60891104,0,pose_class
pose_class/frame_454.jpg,637.0,159.0,0.83449686,644.0,144.0,0.7844242,642.0,144.0,0.74136984,682.0,141.0,0.77536285,679.0,140.0,0.7974539,706.0,208.0,0.74338484,696.0,207.0,0.7270285,712.0,328.0,0.8366204,700.0,317.0,0.72147685,626.0,366.0,0.7606915,633.0,347.0,0.58246255,761.0,376.0,0.9063771,745.0,377.0,0.84011674,676.0,515.0,0.7934755,660.0,502.0,0.659938,731.0,652.0,0.63719356,708.0,620.0,0.6981589,0,pose_class
pose_class/frame_456.jpg,635.0,162.0,0.69585407,642.0,147.0,0.8896911,641.0,147.0,0.8783671,679.0,142.0,0.89421445,676.0,143.0,0.7609637,704.0,211.0,0.8238005,696.0,210.0,0.5567727,712.0,331.0,0.8169251,703.0,319.0,0.7093346,628.0,368.0,0.74897957,634.0,347.0,0.5563103,762.0,378.0,0.9026791,747.0,378.0,0.83225846,677.0,517.0,0.8864316,660.0,502.0,0.80701625,731.0,654.0,0.82874143,708.0,620.0,0.5747851,0,pose_class
pose_class/frame_458.jpg,635.0,164.0,0.64211905,641.0,150.0,0.8875704,640.0,149.0,0.8480078,678.0,146.0,0.8946128,675.0,146.0,0.7297109,705.0,214.0,0.8124084,697.0,213.0,0.54827,713.0,334.0,0.83465075,704.0,320.0,0.7542031,631.0,368.0,0.6579112,636.0,346.0,0.6692796,764.0,381.0,0.91138905,748.0,381.0,0.8468535,676.0,515.0,0.8858998,660.0,502.0,0.87786883,731.0,653.0,0.8982492,708.0,620.0,0.69882524,0,pose_class
pose_class/frame_460.jpg,633.0,169.0,0.77018267,639.0,154.0,0.725886,638.0,153.0,0.6944349,677.0,150.0,0.8690458,674.0,150.0,0.66531885,704.0,217.0,0.83356345,695.0,216.0,0.79149455,719.0,337.0,0.8689157,709.0,321.0,0.6600063,632.0,368.0,0.8764646,638.0,345.0,0.5598864,765.0,383.0,0.9190225,750.0,383.0,0.8385231,673.0,516.0,0.8489906,660.0,503.0,0.89179474,730.0,654.0,0.9294939,708.0,620.0,0.60216165,0,pose_class
pose_class/frame_462.jpg,632.0,173.0,0.83557856,638.0,158.0,0.7873889,636.0,157.0,0.6510049,676.0,153.0,0.71783304,674.0,154.0,0.81750333,702.0,220.0,0.73403907,695.0,219.0,0.8001934,717.0,340.0,0.6434144,705.0,324.0,0.7245698,630.0,370.0,0.83303595,635.0,348.0,0.6518439,769.0,385.0,0.9091167,751.0,384.0,0.8390994,675.0,516.0,0.83676267,660.0,503.0,0.89347494,731.0,653.0,0.7399296,709.0,621.0,0.75846744,0,pose_class
pose_class/frame_464.jpg,631.0,175.0,0.5383241,638.0,161.0,0.89056784,636.0,161.0,0.86585605,676.0,155.0,0.899294,673.0,155.0,0.740196,701.0,222.0,0.8532002,694.0,220.0,0.66257954,715.0,341.0,0.9051871,701.0,323.0,0.71450317,626.0,370.0,0.8732475,634.0,347.0,0.67840385,770.0,388.0,0.93504,754.0,387.0,0.83667666,672.0,518.0,0.85656464,659.0,503.0,0.82308847,731.0,651.0,0.7984341,709.0,621.0,0.55733275,0,pose_class
pose_class/frame_466.jpg,630.0,179.0,0.5610264,637.0,165.0,0.8879932,635.0,165.0,0.8673668,675.0,157.0,0.9104563,672.0,158.0,0.74572843,701.0,224.0,0.8803618,695.0,223.0,0.72426426,716.0,342.0,0.82282865,708.0,326.0,0.7368425,630.0,369.0,0.86690146,636.0,345.0,0.6314958,770.0,388.0,0.9185699,753.0,388.0,0.8344341,671.0,519.0,0.8484187,659.0,504.0,0.8173077,730.0,651.0,0.73150694,708.0,619.0,0.67106146,0,pose_class
pose_class/frame_468.jpg,627.0,183.0,0.7489345,634.0,167.0,0.8884227,632.0,167.0,0.8157047,673.0,161.0,0.74061215,669.0,161.0,0.5765676,700.0,228.0,0.75963736,691.0,226.0,0.8716156,716.0,344.0,0.8235327,706.0,328.0,0.65449345,629.0,370.0,0.85973734,633.0,347.0,0.6284181,770.0,391.0,0.9216548,754.0,391.0,0.8321957,673.0,518.0,0.8870548,658.0,506.0,0.83382434,729.0,653.0,0.80699366,709.0,624.0,0.6261668,0,pose_class
pose_class/frame_470.jpg,627.0,185.0,0.8487333,634.0,169.0,0.75492966,633.0,170.0,0.804386,670.0,163.0,0.7859777,668.0,164.0,0.7370886,701.0,232.0,0.7136889,693.0,228.0,0.825731,717.0,346.0,0.90350497,704.0,329.0,0.71818197,635.0,371.0,0.8222909,635.0,348.0,0.57501435,770.0,394.0,0.86296964,751.0,394.0,0.8243109,673.0,519.0,0.83539927,658.0,505.0,0.8112068,731.0,653.0,0.8742618,709.0,621.0,0.66879725,0,pose_class
pose_class/frame_472.jpg,627.0,186.0,0.7776545,633.0,171.0,0.7370418,632.0,172.0,0.8779056,670.0,163.0,0.9134343,667.0,164.0,0.8021805,700.0,231.0,0.76602006,692.0,230.0,0.80293757,717.0,347.0,0.89594585,708.0,332.0,0.65466,634.0,371.0,0.818031,639.0,351.0,0.7771948,772.0,395.0,0.92501736,752.0,395.0,0.8206887,673.0,518.0,0.84876525,659.0,505.0,0.8083262,730.0,651.0,0.8633354,708.0,621.0,0.6633426,0,pose_class
pose_class/frame_474.jpg,626.0,188.0,0.8064536,633.0,174.0,0.84623957,631.0,174.0,0.87435806,669.0,167.0,0.79922867,666.0,167.0,0.72116613,700.0,234.0,0.68116456,691.0,231.0,0.7901088,718.0,350.0,0.7744124,707.0,332.0,0.61389804,632.0,371.0,0.82529664,638.0,351.0,0.7743323,773.0,396.0,0.85719985,751.0,396.0,0.816153,671.0,519.0,0.76562417,658.0,506.0,0.80043566,730.0,652.0,0.8677649,707.0,621.0,0.69325125,0,pose_class
pose_class/frame_476.jpg,627.0,190.0,0.7949966,633.0,176.0,0.86021066,631.0,175.0,0.86773884,669.0,169.0,0.8244945,666.0,169.0,0.71085,700.0,235.0,0.6609801,692.0,231.0,0.78628767,718.0,351.0,0.73879606,705.0,333.0,0.69726527,633.0,371.0,0.77281046,640.0,350.0,0.8031341,773.0,397.0,0.8529904,753.0,396.0,0.81550324,672.0,520.0,0.71864444,659.0,505.0,0.8010664,730.0,653.0,0.853751,708.0,621.0,0.7100471,0,pose_class
pose_class/frame_478.jpg,627.0,189.0,0.61319214,633.0,176.0,0.91103154,631.0,175.0,0.8850043,670.0,167.0,0.9239459,666.0,168.0,0.76185155,699.0,235.0,0.9162265,690.0,233.0,0.74758315,718.0,350.0,0.9079536,708.0,334.0,0.58215654,631.0,373.0,0.7893381,638.0,352.0,0.79343116,775.0,397.0,0.91133106,753.0,397.0,0.81387115,674.0,519.0,0.83214575,659.0,505.0,0.8010214,730.0,652.0,0.84612334,708.0,621.0,0.7063928,0,pose_class
pose_class/frame_480.jpg,628.0,192.0,0.77922267,633.0,176.0,0.85355306,631.0,176.0,0.7490374,670.0,169.0,0.8791048,666.0,169.0,0.8662481,700.0,236.0,0.90185744,688.0,234.0,0.8332023,719.0,353.0,0.80997527,705.0,335.0,0.7007059,635.0,374.0,0.8022276,640.0,350.0,0.8024194,776.0,397.0,0.9136672,751.0,396.0,0.7946674,675.0,520.0,0.7667843,659.0,505.0,0.8627696,731.0,653.0,0.922533,708.0,622.0,0.7337258,0,pose_class
pose_class/frame_482.jpg,628.0,191.0,0.79646504,633.0,176.0,0.84361994,631.0,175.0,0.7457616,670.0,168.0,0.8624225,665.0,169.0,0.8743925,699.0,235.0,0.8848757,688.0,234.0,0.8447153,720.0,353.0,0.8081738,706.0,335.0,0.704455,636.0,373.0,0.77617496,641.0,350.0,0.8052791,775.0,396.0,0.92470306,752.0,396.0,0.79894996,676.0,519.0,0.75112766,660.0,506.0,0.87915725,730.0,653.0,0.9241624,708.0,623.0,0.7382568,0,pose_class
pose_class/frame_484.jpg,628.0,189.0,0.57862484,634.0,175.0,0.9182957,632.0,175.0,0.866503,670.0,168.0,0.88789153,667.0,168.0,0.6892357,700.0,236.0,0.8926636,690.0,233.0,0.6460593,719.0,353.0,0.80951804,706.0,335.0,0.70003927,635.0,373.0,0.7747369,640.0,351.0,0.8130849,776.0,397.0,0.91811365,752.0,396.0,0.802205,675.0,519.0,0.81371045,659.0,504.0,0.8081005,729.0,651.0,0.82650554,707.0,621.0,0.6637287,0,pose_class
pose_class/frame_486.jpg,629.0,189.0,0.6347178,636.0,175.0,0.89924353,634.0,175.0,0.89051753,672.0,168.0,0.88368195,668.0,169.0,0.51836205,701.0,237.0,0.81924623,690.0,235.0,0.873093,720.0,352.0,0.7868978,707.0,335.0,0.7097977,636.0,373.0,0.7677748,641.0,351.0,0.81041205,776.0,396.0,0.9293781,754.0,396.0,0.80898446,676.0,518.0,0.79183024,660.0,504.0,0.81433994,729.0,651.0,0.8390921,708.0,622.0,0.69496834,0,pose_class
pose_class/frame_488.jpg,628.0,187.0,0.53208554,635.0,174.0,0.88758594,633.0,174.0,0.8664402,673.0,167.0,0.91523397,669.0,167.0,0.7548218,702.0,236.0,0.6217425,691.0,232.0,0.66380644,720.0,352.0,0.78105295,706.0,334.0,0.7157657,634.0,373.0,0.77948666,640.0,350.0,0.8101,776.0,396.0,0.91907555,753.0,396.0,0.8036223,676.0,519.0,0.81028485,660.0,504.0,0.81562585,729.0,651.0,0.81385785,708.0,621.0,0.6598161,0,pose_class
pose_class/frame_490.jpg,629.0,187.0,0.6925116,637.0,173.0,0.7839694,635.0,173.0,0.8795918,673.0,166.0,0.8950987,670.0,166.0,0.81234777,702.0,236.0,0.6522709,692.0,232.0,0.7305229,719.0,352.0,0.7868348,709.0,334.0,0.58546734,635.0,373.0,0.7996582,640.0,351.0,0.7953007,776.0,396.0,0.91825706,754.0,396.0,0.8046998,676.0,518.0,0.8213036,660.0,505.0,0.8313197,728.0,652.0,0.85977924,708.0,623.0,0.6820298,0,pose_class
pose_class/frame_492.jpg,629.0,186.0,0.689937,636.0,171.0,0.8029894,635.0,171.0,0.816027,676.0,165.0,0.75369704,671.0,165.0,0.8500351,702.0,235.0,0.68342555,693.0,231.0,0.78993905,719.0,351.0,0.7652414,710.0,333.0,0.6216691,635.0,372.0,0.774179,640.0,351.0,0.8037561,774.0,395.0,0.92083293,754.0,394.0,0.80153906,674.0,517.0,0.8215773,661.0,505.0,0.84754246,729.0,653.0,0.8830053,708.0,622.0,0.71490157,0,pose_class
pose_class/frame_494.jpg,631.0,184.0,0.8158168,637.0,169.0,0.84251106,635.0,169.0,0.7223072,676.0,163.0,0.5831976,672.0,164.0,0.7788717,702.0,233.0,0.72922194,693.0,230.0,0.8224219,719.0,349.0,0.8065316,706.0,332.0,0.7079201,632.0,373.0,0.8497919,636.0,348.0,0.58735526,774.0,394.0,0.9193598,752.0,393.0,0.8094303,675.0,517.0,0.87051225,661.0,504.0,0.7852664,729.0,652.0,0.86617374,707.0,621.0,0.7593348,0,pose_class
pose_class/frame_496.jpg,631.0,180.0,0.7444644,638.0,165.0,0.8768165,636.0,164.0,0.84588295,676.0,160.0,0.7082547,673.0,161.0,0.5533434,701.0,230.0,0.74709904,692.0,227.0,0.8493715,718.0,346.0,0.89854485,707.0,329.0,0.6220877,632.0,372.0,0.8389839,635.0,347.0,0.59326434,773.0,392.0,0.9207906,752.0,392.0,0.8083654,674.0,516.0,0.86784303,660.0,505.0,0.84783655,727.0,654.0,0.7047782,709.0,624.0,0.5072119,0,pose_class
pose_class/frame_498.jpg,631.0,174.0,0.82815313,639.0,159.0,0.67881477,637.0,159.0,0.74829274,677.0,156.0,0.8787352,674.0,156.0,0.78974974,703.0,226.0,0.8161491,695.0,222.0,0.6916396,718.0,343.0,0.6238178,707.0,325.0,0.6832768,633.0,371.0,0.8424324,636.0,348.0,0.6593342,771.0,388.0,0.917504,755.0,387.0,0.82109344,676.0,517.0,0.70340776,662.0,504.0,0.8778949,728.0,651.0,0.7119688,710.0,621.0,0.759675,0,pose_class
pose_class/frame_500.jpg,632.0,165.0,0.854191,639.0,151.0,0.81519985,638.0,150.0,0.78323424,676.0,149.0,0.87419915,674.0,149.0,0.8802828,703.0,217.0,0.7029766,694.0,216.0,0.70469177,714.0,336.0,0.8194338,705.0,322.0,0.68756855,630.0,370.0,0.7754328,635.0,349.0,0.66276765,769.0,382.0,0.9148928,752.0,382.0,0.8354993,678.0,514.0,0.86140245,664.0,500.0,0.63690734,729.0,652.0,0.8838687,709.0,620.0,0.7260677,0,pose_class
pose_class/frame_502.jpg,634.0,157.0,0.7263342,641.0,143.0,0.90297294,639.0,142.0,0.83184755,678.0,143.0,0.8611523,675.0,143.0,0.8426912,703.0,211.0,0.73747385,693.0,210.0,0.74081635,712.0,330.0,0.7524239,703.0,317.0,0.666379,627.0,370.0,0.8322388,633.0,349.0,0.60510504,767.0,377.0,0.9329561,748.0,378.0,0.83672637,680.0,513.0,0.90109164,664.0,501.0,0.86263424,730.0,652.0,0.88594526,709.0,619.0,0.7303096,0,pose_class
pose_class/frame_504.jpg,636.0,150.0,0.8535066,643.0,137.0,0.7725445,642.0,136.0,0.72851974,681.0,136.0,0.72509485,678.0,135.0,0.8267101,704.0,206.0,0.89500356,694.0,204.0,0.64731026,710.0,323.0,0.79013425,699.0,311.0,0.6981758,630.0,372.0,0.8012429,632.0,350.0,0.62565434,762.0,373.0,0.93417674,746.0,373.0,0.8528794,681.0,511.0,0.8317348,664.0,498.0,0.7367122,730.0,652.0,0.90552914,708.0,621.0,0.5357884,0,pose_class
pose_class/frame_506.jpg,636.0,140.0,0.7497878,644.0,128.0,0.7136839,643.0,127.0,0.71139693,680.0,127.0,0.8651501,679.0,126.0,0.7467461,706.0,199.0,0.8246594,693.0,198.0,0.76385516,707.0,316.0,0.78829694,692.0,303.0,0.70147234,632.0,372.0,0.90882105,632.0,350.0,0.677021,759.0,366.0,0.94750965,741.0,367.0,0.8616751,683.0,509.0,0.8177315,666.0,498.0,0.90437204,731.0,649.0,0.8577049,706.0,617.0,0.6318755,0,pose_class
pose_class/frame_508.jpg,639.0,132.0,0.84497213,647.0,119.0,0.81716913,645.0,118.0,0.74521804,683.0,119.0,0.76781136,681.0,119.0,0.8231119,706.0,192.0,0.9162984,692.0,191.0,0.8333493,702.0,309.0,0.7226659,685.0,298.0,0.72824085,630.0,368.0,0.7772071,630.0,346.0,0.5558091,754.0,362.0,0.9246203,737.0,362.0,0.8516146,687.0,511.0,0.74642205,670.0,497.0,0.83571225,731.0,649.0,0.87099457,708.0,617.0,0.65818673,0,pose_class
pose_class/frame_510.jpg,638.0,123.0,0.5658834,648.0,111.0,0.77804744,647.0,110.0,0.7003856,684.0,110.0,0.9092648,682.0,109.0,0.84539944,704.0,183.0,0.80753326,692.0,183.0,0.887477,696.0,299.0,0.677513,684.0,291.0,0.67687595,625.0,368.0,0.90946555,628.0,349.0,0.6219871,749.0,355.0,0.9167702,734.0,355.0,0.8562277,691.0,508.0,0.6903249,674.0,493.0,0.8308369,730.0,651.0,0.7384995,707.0,617.0,0.68898135,0,pose_class
pose_class/frame_512.jpg,638.0,116.0,0.6929935,648.0,103.0,0.87577194,647.0,102.0,0.8846346,686.0,104.0,0.81660974,683.0,103.0,0.75682676,704.0,177.0,0.72466695,692.0,175.0,0.88515323,692.0,292.0,0.78807706,676.0,285.0,0.717673,624.0,366.0,0.7912371,625.0,349.0,0.57518613,745.0,351.0,0.93164957,731.0,353.0,0.86017466,698.0,506.0,0.89332896,680.0,490.0,0.8154116,729.0,649.0,0.87292844,707.0,617.0,0.8012329,0,pose_class
pose_class/frame_514.jpg,640.0,110.0,0.8123936,648.0,96.0,0.6997111,648.0,95.0,0.7075528,684.0,98.0,0.845237,684.0,96.0,0.7417929,703.0,170.0,0.9263191,696.0,169.0,0.8930529,683.0,284.0,0.66861916,674.0,280.0,0.63723826,627.0,362.0,0.7870355,625.0,349.0,0.43938258,738.0,349.0,0.86430377,730.0,350.0,0.85611534,698.0,505.0,0.8126245,682.0,490.0,0.82224864,731.0,653.0,0.7062299,708.0,619.0,0.558434,0,pose_class
pose_class/frame_516.jpg,644.0,104.0,0.7990406,651.0,92.0,0.63417006,650.0,91.0,0.5225368,689.0,93.0,0.9121576,686.0,92.0,0.7138715,706.0,165.0,0.664832,697.0,165.0,0.70321596,682.0,281.0,0.73554814,675.0,277.0,0.70169187,626.0,360.0,0.72175884,624.0,347.0,0.57532763,736.0,346.0,0.91759115,726.0,348.0,0.8496597,703.0,507.0,0.874037,689.0,495.0,0.8807859,731.0,651.0,0.71733725,709.0,618.0,0.771788,0,pose_class
pose_class/frame_518.jpg,644.0,102.0,0.7739789,652.0,88.0,0.7660239,652.0,88.0,0.7702082,688.0,92.0,0.8574462,688.0,90.0,0.7369839,704.0,166.0,0.733441,699.0,162.0,0.8853834,681.0,278.0,0.7256961,674.0,274.0,0.737281,624.0,358.0,0.7162917,626.0,344.0,0.6184572,731.0,344.0,0.9086707,724.0,346.0,0.7697257,707.0,508.0,0.8747065,695.0,500.0,0.88162893,731.0,652.0,0.8816602,708.0,620.0,0.78952765,0,pose_class
pose_class/frame_520.jpg,645.0,98.0,0.7078162,655.0,85.0,0.672271,655.0,84.0,0.65012974,693.0,89.0,0.87616265,691.0,88.0,0.7280338,703.0,161.0,0.9088995,701.0,159.0,0.8587229,681.0,276.0,0.74628365,676.0,272.0,0.705017,626.0,356.0,0.687784,627.0,345.0,0.48872325,726.0,343.0,0.8954044,720.0,344.0,0.78188705,708.0,506.0,0.79803145,698.0,498.0,0.83613455,731.0,651.0,0.76399356,710.0,618.0,0.69327724,0,pose_class
pose_class/frame_522.jpg,647.0,98.0,0.72900826,657.0,84.0,0.598462,656.0,84.0,0.59069335,692.0,89.0,0.7870356,692.0,87.0,0.7603761,704.0,159.0,0.6171991,703.0,155.0,0.8446151,680.0,274.0,0.7253208,677.0,273.0,0.7112603,626.0,354.0,0.69309646,631.0,346.0,0.4735389,721.0,341.0,0.8848103,716.0,342.0,0.77911425,712.0,504.0,0.88325495,701.0,498.0,0.8234273,729.0,649.0,0.6804086,709.0,618.0,0.7419544,0,pose_class
pose_class/frame_524.jpg,649.0,96.0,0.66658735,658.0,83.0,0.64713675,658.0,82.0,0.6036905,695.0,87.0,0.74877954,693.0,85.0,0.5807975,704.0,160.0,0.84295857,705.0,157.0,0.8568165,681.0,272.0,0.66197217,680.0,272.0,0.7082962,630.0,353.0,0.79514354,633.0,348.0,0.5616179,717.0,340.0,0.8745599,714.0,341.0,0.8088223,715.0,503.0,0.8253371,703.0,496.0,0.880215,731.0,649.0,0.7116966,710.0,619.0,0.6842231,0,pose_class
pose_class/frame_526.jpg,651.0,96.0,0.74844503,659.0,83.0,0.7969555,659.0,82.0,0.74509245,694.0,86.0,0.71228594,694.0,85.0,0.51022434,703.0,161.0,0.85999995,707.0,157.0,0.84608203,679.0,270.0,0.66457057,679.0,271.0,0.7355345,630.0,353.0,0.7893771,635.0,348.0,0.53868234,715.0,339.0,0.7369597,713.0,339.0,0.81602997,717.0,504.0,0.8545455,707.0,498.0,0.8148887,731.0,651.0,0.8087623,711.0,619.0,0.77026653,0,pose_class
pose_class/frame_528.jpg,651.0,96.0,0.78064346,660.0,83.0,0.8199158,660.0,82.0,0.772653,696.0,87.0,0.7392224,695.0,85.0,0.7437918,704.0,160.0,0.87255657,706.0,158.0,0.70354337,679.0,271.0,0.69449866,678.0,271.0,0.7214211,631.0,353.0,0.67441684,633.0,347.0,0.5576093,712.0,339.0,0.7509545,709.0,339.0,0.803439,716.0,503.0,0.71303314,708.0,497.0,0.87768954,730.0,648.0,0.73171526,709.0,618.0,0.76849425,0,pose_class
pose_class/frame_530.jpg,652.0,96.0,0.6193182,661.0,83.0,0.8499678,661.0,81.0,0.8640004,700.0,85.0,0.64815044,697.0,84.0,0.47686952,707.0,158.0,0.73130214,707.0,157.0,0.74647117,679.0,270.0,0.71068186,678.0,271.0,0.7159949,631.0,353.0,0.6490884,633.0,347.0,0.5867835,711.0,338.0,0.73712075,708.0,339.0,0.77251613,720.0,503.0,0.8217174,709.0,497.0,0.88928866,732.0,648.0,0.77639395,710.0,620.0,0.7801609,0,pose_class
pose_class/frame_532.jpg,653.0,96.0,0.7441943,662.0,82.0,0.63756156,662.0,81.0,0.62506664,699.0,87.0,0.88677794,697.0,86.0,0.7050291,705.0,159.0,0.75749874,706.0,156.0,0.8301718,679.0,271.0,0.6822206,677.0,271.0,0.66778857,631.0,353.0,0.7616684,635.0,347.0,0.5225447,707.0,336.0,0.82667375,704.0,336.0,0.739665,717.0,502.0,0.779681,708.0,497.0,0.8885953,730.0,646.0,0.82126296,709.0,619.0,0.733418,0,pose_class
pose_class/frame_534.jpg,654.0,97.0,0.7340622,663.0,82.0,0.713242,663.0,81.0,0.7196705,699.0,87.0,0.8529595,698.0,86.0,0.6774825,705.0,160.0,0.78803986,707.0,156.0,0.84901273,680.0,271.0,0.6545891,677.0,272.0,0.6515347,630.0,353.0,0.7548412,631.0,349.0,0.35207647,706.0,336.0,0.82132864,703.0,336.0,0.71325994,716.0,504.0,0.7939835,706.0,498.0,0.88769114,729.0,647.0,0.8605238,710.0,619.0,0.75032276,0,pose_class
pose_class/frame_536.jpg,655.0,98.0,0.72617495,664.0,83.0,0.746168,663.0,82.0,0.7499376,699.0,88.0,0.8409229,699.0,86.0,0.66535175,706.0,162.0,0.7989837,709.0,157.0,0.86331344,682.0,272.0,0.69040316,681.0,272.0,0.6576822,632.0,352.0,0.76408154,637.0,345.0,0.5553601,705.0,338.0,0.8328435,703.0,338.0,0.73810446,717.0,503.0,0.81013656,707.0,498.0,0.8810669,730.0,648.0,0.78825516,709.0,620.0,0.7328563,0,pose_class
pose_class/frame_538.jpg,656.0,98.0,0.6758139,665.0,84.0,0.7132222,665.0,83.0,0.74580014,700.0,88.0,0.788656,699.0,87.0,0.66066885,706.0,161.0,0.826781,709.0,157.0,0.85835546,682.0,272.0,0.7154722,681.0,272.0,0.6967292,632.0,352.0,0.7509263,631.0,346.0,0.5018954,705.0,338.0,0.8150348,702.0,338.0,0.6980519,716.0,505.0,0.7771076,707.0,499.0,0.8967295,731.0,650.0,0.86146307,710.0,621.0,0.76261604,0,pose_class
pose_class/frame_540.jpg,657.0,95.0,0.41220504,666.0,82.0,0.700002,665.0,81.0,0.75347984,701.0,89.0,0.7470313,700.0,87.0,0.682423,705.0,162.0,0.81678545,708.0,158.0,0.8560276,679.0,272.0,0.6572747,680.0,272.0,0.7028108,631.0,352.0,0.761666,631.0,346.0,0.4983228,704.0,337.0,0.82014745,701.0,337.0,0.7051873,714.0,504.0,0.7630953,706.0,498.0,0.90323985,730.0,650.0,0.8654866,710.0,619.0,0.74757165,0,pose_class
pose_class/frame_542.jpg,658.0,95.0,0.50873643,667.0,83.0,0.66374534,666.0,81.0,0.7410786,704.0,88.0,0.8018981,701.0,87.0,0.61661327,705.0,161.0,0.8475493,709.0,158.0,0.8394952,682.0,272.0,0.72845995,681.0,272.0,0.7110286,632.0,351.0,0.75122654,632.0,346.0,0.5555663,703.0,337.0,0.8013505,701.0,336.0,0.7002788,714.0,504.0,0.76223695,706.0,498.0,0.8756596,730.0,649.0,0.87045276,711.0,618.0,0.523654,0,pose_class
pose_class/frame_544.jpg,658.0,95.0,0.50503135,667.0,83.0,0.65113956,667.0,82.0,0.73582757,705.0,88.0,0.7935559,701.0,87.0,0.64301884,706.0,161.0,0.8483467,709.0,158.0,0.8467319,683.0,273.0,0.7261976,681.0,272.0,0.7099358,632.0,351.0,0.7024785,632.0,346.0,0.51149434,704.0,337.0,0.79439425,700.0,337.0,0.64590824,716.0,501.0,0.8472408,706.0,498.0,0.8714672,730.0,648.0,0.65709454,710.0,618.0,0.6889939,0,pose_class
pose_class/frame_546.jpg,658.0,95.0,0.51420426,667.0,82.0,0.6425367,666.0,81.0,0.72649884,704.0,88.0,0.8101343,701.0,87.0,0.6254683,706.0,161.0,0.84344953,709.0,158.0,0.83561546,682.0,273.0,0.72311735,681.0,272.0,0.7023588,631.0,352.0,0.72941357,631.0,346.0,0.5131066,703.0,337.0,0.7957653,700.0,336.0,0.65506274,715.0,503.0,0.8472031,705.0,499.0,0.8902691,729.0,651.0,0.87252843,709.0,618.0,0.6423277,0,pose_class
pose_class/frame_548.jpg,658.0,95.0,0.53159523,667.0,83.0,0.6332271,667.0,81.0,0.70757115,704.0,88.0,0.81003106,701.0,87.0,0.6044738,706.0,160.0,0.85778975,709.0,157.0,0.8397971,682.0,272.0,0.7249516,681.0,272.0,0.71591824,631.0,351.0,0.74363476,632.0,346.0,0.52044487,703.0,337.0,0.79860497,700.0,337.0,0.66219735,715.0,502.0,0.8437583,705.0,498.0,0.8903595,729.0,650.0,0.87364346,708.0,618.0,0.6421554,0,pose_class
pose_class/frame_550.jpg,658.0,95.0,0.53140837,667.0,82.0,0.58220315,667.0,82.0,0.70257026,705.0,88.0,0.8154674,701.0,87.0,0.5951675,705.0,161.0,0.8482449,709.0,158.0,0.83304673,682.0,272.0,0.72034836,681.0,272.0,0.7202394,632.0,352.0,0.7352233,632.0,346.0,0.51217854,703.0,337.0,0.79390234,700.0,337.0,0.6592453,715.0,502.0,0.84119374,705.0,498.0,0.89224,729.0,651.0,0.8766105,709.0,618.0,0.642959,0,pose_class
pose_class/frame_552.jpg,658.0,95.0,0.5967764,668.0,81.0,0.52376306,668.0,81.0,0.61364484,705.0,89.0,0.8422602,702.0,87.0,0.59033185,706.0,160.0,0.8456757,709.0,157.0,0.8428723,682.0,272.0,0.7223433,681.0,272.0,0.7049855,632.0,351.0,0.73763776,632.0,346.0,0.5411612,703.0,338.0,0.81021774,700.0,338.0,0.6791856,714.0,502.0,0.8232311,705.0,499.0,0.88825095,730.0,649.0,0.67485815,710.0,618.0,0.68907225,0,pose_class
pose_class/frame_554.jpg,659.0,94.0,0.7287538,669.0,82.0,0.56323606,669.0,81.0,0.4446572,705.0,89.0,0.79619706,702.0,87.0,0.56274754,708.0,159.0,0.82066005,710.0,157.0,0.8211074,681.0,272.0,0.7198092,680.0,271.0,0.69869334,631.0,351.0,0.7267417,632.0,346.0,0.5416237,703.0,336.0,0.78417194,699.0,336.0,0.6345742,713.0,500.0,0.7818354,704.0,495.0,0.8895544,729.0,650.0,0.74469423,710.0,616.0,0.50525546,0,pose_class
pose_class/frame_556.jpg,659.0,94.0,0.70030904,669.0,82.0,0.53349507,669.0,81.0,0.4043343,705.0,89.0,0.7782717,702.0,87.0,0.5455234,707.0,160.0,0.81131506,710.0,157.0,0.8256131,682.0,273.0,0.7140689,681.0,272.0,0.69929206,631.0,352.0,0.7264813,632.0,346.0,0.550832,703.0,337.0,0.77606684,699.0,337.0,0.62412196,714.0,501.0,0.7756388,705.0,499.0,0.84824586,729.0,649.0,0.7774287,711.0,617.0,0.51076573,0,pose_class
pose_class/frame_558.jpg,659.0,94.0,0.67473245,668.0,82.0,0.50226915,668.0,81.0,0.3736019,704.0,89.0,0.77641445,702.0,88.0,0.57133627,707.0,160.0,0.8054116,709.0,158.0,0.82701087,682.0,273.0,0.71314234,680.0,273.0,0.70088893,631.0,352.0,0.7275001,631.0,346.0,0.55049217,703.0,337.0,0.7774891,699.0,337.0,0.6298466,713.0,501.0,0.7736613,704.0,497.0,0.89091957,729.0,649.0,0.77826357,711.0,617.0,0.5064547,0,pose_class
pose_class/frame_560.jpg,658.0,95.0,0.49202508,667.0,83.0,0.6472986,667.0,81.0,0.7120019,704.0,88.0,0.78518736,701.0,87.0,0.6145104,705.0,161.0,0.8480756,709.0,158.0,0.8479835,682.0,273.0,0.7146988,681.0,273.0,0.712289,630.0,352.0,0.68658376,631.0,347.0,0.4952375,703.0,338.0,0.7822728,699.0,337.0,0.6285449,713.0,501.0,0.80147994,704.0,498.0,0.8675144,730.0,649.0,0.6828029,709.0,617.0,0.7114719,0,pose_class
pose_class/frame_562.jpg,657.0,94.0,0.43660614,666.0,81.0,0.6718215,666.0,80.0,0.74139977,705.0,89.0,0.7694683,701.0,88.0,0.6893594,706.0,161.0,0.7846473,708.0,158.0,0.8519393,680.0,273.0,0.6519334,678.0,273.0,0.6404164,631.0,352.0,0.7353266,632.0,346.0,0.5141034,703.0,339.0,0.8098372,700.0,338.0,0.6667825,714.0,503.0,0.7993633,704.0,499.0,0.8935014,729.0,650.0,0.8498823,709.0,619.0,0.6947261,0,pose_class
pose_class/frame_564.jpg,657.0,94.0,0.49139223,666.0,81.0,0.6385055,665.0,80.0,0.7153355,704.0,88.0,0.7936018,700.0,87.0,0.6717849,706.0,161.0,0.7871972,708.0,158.0,0.8449322,682.0,272.0,0.72137785,681.0,272.0,0.71311057,632.0,351.0,0.745672,633.0,346.0,0.51976335,704.0,338.0,0.80205566,701.0,337.0,0.6901982,713.0,502.0,0.80026007,704.0,498.0,0.8796225,730.0,649.0,0.6762206,710.0,618.0,0.6836946,0,pose_class
pose_class/frame_566.jpg,655.0,95.0,0.7356677,663.0,82.0,0.78143036,663.0,81.0,0.7374107,698.0,87.0,0.7404516,698.0,86.0,0.5741166,705.0,160.0,0.7980615,707.0,156.0,0.83380556,681.0,272.0,0.6607207,679.0,272.0,0.6444906,630.0,353.0,0.7724867,636.0,347.0,0.599401,706.0,339.0,0.8353112,704.0,339.0,0.7475753,712.0,504.0,0.7410722,703.0,498.0,0.8774157,730.0,647.0,0.81481,709.0,619.0,0.7314125,0,pose_class
pose_class/frame_568.jpg,652.0,95.0,0.59597784,662.0,81.0,0.6348603,662.0,80.0,0.6218207,699.0,86.0,0.8580791,697.0,85.0,0.66746914,705.0,158.0,0.75138223,706.0,155.0,0.77435124,682.0,272.0,0.6769035,680.0,272.0,0.65187526,628.0,353.0,0.74224496,634.0,346.0,0.6045629,707.0,338.0,0.82310987,705.0,338.0,0.7232641,710.0,504.0,0.715009,702.0,498.0,0.8549665,729.0,649.0,0.8299806,709.0,618.0,0.6493571,0,pose_class
pose_class/frame_570.jpg,652.0,95.0,0.3508549,661.0,83.0,0.7802563,661.0,82.0,0.8151074,700.0,88.0,0.78759205,697.0,87.0,0.5973295,704.0,160.0,0.8655433,705.0,157.0,0.82206726,682.0,273.0,0.6742152,680.0,273.0,0.7207794,627.0,354.0,0.73647434,633.0,348.0,0.5987648,711.0,340.0,0.84686786,707.0,340.0,0.7515372,709.0,504.0,0.7535642,700.0,497.0,0.90742826,730.0,649.0,0.81902933,711.0,616.0,0.6109935,0,pose_class
pose_class/frame_572.jpg,649.0,97.0,0.6541333,659.0,84.0,0.77672255,659.0,83.0,0.78549904,695.0,90.0,0.8229872,694.0,88.0,0.6673572,705.0,162.0,0.7866955,706.0,158.0,0.8615245,682.0,274.0,0.65553415,682.0,274.0,0.7008083,628.0,354.0,0.725855,634.0,347.0,0.5972206,715.0,342.0,0.85722744,711.0,342.0,0.78383464,708.0,505.0,0.8580353,699.0,497.0,0.9001749,730.0,648.0,0.6794022,711.0,616.0,0.68689835,0,pose_class
pose_class/frame_574.jpg,647.0,101.0,0.72104,656.0,88.0,0.6209756,656.0,88.0,0.49183849,695.0,88.0,0.8882202,692.0,88.0,0.6529181,703.0,159.0,0.8397119,702.0,157.0,0.81909,683.0,276.0,0.6970862,682.0,275.0,0.59945405,627.0,355.0,0.72340286,635.0,348.0,0.57121444,719.0,343.0,0.82234114,713.0,343.0,0.71247935,701.0,504.0,0.70612216,696.0,498.0,0.82344455,729.0,651.0,0.88865507,709.0,620.0,0.73808634,0,pose_class
pose_class/frame_576.jpg,643.0,105.0,0.7675203,651.0,91.0,0.76046276,650.0,90.0,0.69296825,690.0,92.0,0.8771222,688.0,91.0,0.7352457,702.0,161.0,0.7518815,702.0,158.0,0.8676125,687.0,277.0,0.6195281,685.0,276.0,0.6818572,631.0,355.0,0.77872837,634.0,347.0,0.57913214,724.0,347.0,0.86685807,718.0,346.0,0.77395177,698.0,505.0,0.74454963,694.0,498.0,0.8701,731.0,649.0,0.79457957,711.0,617.0,0.7435982,0,pose_class
pose_class/frame_578.jpg,641.0,110.0,0.72355217,648.0,96.0,0.8612927,648.0,95.0,0.8108759,685.0,96.0,0.8814407,684.0,94.0,0.80160767,702.0,164.0,0.85396016,699.0,162.0,0.82342935,688.0,281.0,0.7177931,687.0,278.0,0.66462374,628.0,357.0,0.6563537,635.0,352.0,0.5626196,728.0,348.0,0.8765875,723.0,349.0,0.7794414,692.0,506.0,0.76600915,690.0,497.0,0.89606017,730.0,649.0,0.7812285,710.0,615.0,0.7320609,0,pose_class
pose_class/frame_580.jpg,639.0,114.0,0.51376903,646.0,102.0,0.83356446,646.0,101.0,0.8688363,685.0,99.0,0.8710406,682.0,99.0,0.7307677,700.0,170.0,0.8838662,699.0,168.0,0.89375657,691.0,286.0,0.78493446,687.0,285.0,0.7232256,627.0,357.0,0.56857544,631.0,352.0,0.47515205,732.0,350.0,0.9016795,726.0,351.0,0.7860136,690.0,507.0,0.7533288,688.0,498.0,0.75469536,730.0,652.0,0.7411271,712.0,614.0,0.47843096,0,pose_class
pose_class/frame_582.jpg,636.0,122.0,0.7500247,643.0,108.0,0.7052635,643.0,107.0,0.6571139,681.0,105.0,0.9104156,679.0,104.0,0.8227843,700.0,175.0,0.91208816,698.0,173.0,0.87387013,693.0,291.0,0.776115,690.0,289.0,0.74554354,627.0,359.0,0.7243706,633.0,351.0,0.6366701,737.0,352.0,0.8941945,729.0,353.0,0.766752,684.0,508.0,0.6947129,681.0,494.0,0.80421317,729.0,653.0,0.8507179,710.0,615.0,0.6559414,0,pose_class
pose_class/frame_584.jpg,634.0,129.0,0.5520705,643.0,116.0,0.8495867,641.0,115.0,0.80055326,679.0,113.0,0.79032195,677.0,111.0,0.75466746,699.0,180.0,0.78041023,696.0,179.0,0.64947397,695.0,297.0,0.75133747,694.0,293.0,0.7268443,625.0,362.0,0.7493073,632.0,352.0,0.5116092,741.0,356.0,0.9067359,733.0,356.0,0.77771217,683.0,510.0,0.86467856,676.0,497.0,0.7108335,729.0,651.0,0.86837155,707.0,616.0,0.5444002,0,pose_class
pose_class/frame_586.jpg,634.0,137.0,0.7746845,641.0,123.0,0.7217479,640.0,123.0,0.82256866,678.0,117.0,0.67910933,674.0,116.0,0.5299618,699.0,186.0,0.71211624,695.0,185.0,0.82521796,699.0,303.0,0.7832592,697.0,299.0,0.7434026,625.0,364.0,0.66047174,631.0,352.0,0.57495946,745.0,359.0,0.91575307,737.0,359.0,0.81123346,681.0,510.0,0.81911546,673.0,498.0,0.6828445,728.0,649.0,0.9107233,709.0,615.0,0.68316555,0,pose_class
pose_class/frame_588.jpg,632.0,144.0,0.8077102,638.0,129.0,0.74980867,637.0,129.0,0.61978734,674.0,124.0,0.70364493,672.0,123.0,0.55358815,699.0,193.0,0.8506193,695.0,192.0,0.68639547,702.0,309.0,0.77027637,700.0,305.0,0.6611774,626.0,363.0,0.7488183,631.0,355.0,0.4968753,750.0,363.0,0.920338,738.0,364.0,0.845163,679.0,511.0,0.8551552,669.0,498.0,0.85393786,729.0,651.0,0.8408167,708.0,619.0,0.66777205,0,pose_class
pose_class/frame_590.jpg,630.0,150.0,0.7286309,637.0,135.0,0.7648418,636.0,135.0,0.7625802,675.0,128.0,0.90026593,672.0,127.0,0.7559826,700.0,198.0,0.7838677,693.0,197.0,0.8188698,706.0,314.0,0.7966722,703.0,310.0,0.69205105,626.0,364.0,0.8610232,634.0,355.0,0.65089726,753.0,367.0,0.8947577,741.0,368.0,0.8501327,679.0,512.0,0.78817844,667.0,499.0,0.8085464,729.0,652.0,0.8532791,708.0,617.0,0.74295807,0,pose_class
pose_class/frame_592.jpg,629.0,154.0,0.73930407,635.0,139.0,0.6301352,634.0,139.0,0.6193607,673.0,133.0,0.88479763,670.0,133.0,0.7431878,698.0,202.0,0.80539393,693.0,202.0,0.6114378,707.0,319.0,0.69262075,703.0,317.0,0.7525994,624.0,365.0,0.82381856,632.0,356.0,0.6334065,757.0,371.0,0.88709813,744.0,372.0,0.8594988,679.0,511.0,0.8488412,665.0,501.0,0.84963095,731.0,652.0,0.84317696,708.0,620.0,0.57659507,0,pose_class
pose_class/frame_594.jpg,629.0,161.0,0.82987565,634.0,145.0,0.6843005,633.0,145.0,0.5790488,671.0,139.0,0.84404373,669.0,140.0,0.8590169,697.0,208.0,0.6883074,693.0,207.0,0.79652286,708.0,324.0,0.6309372,705.0,320.0,0.6013362,628.0,365.0,0.81654024,635.0,357.0,0.63212,761.0,376.0,0.9329416,748.0,376.0,0.8609264,677.0,513.0,0.7206516,664.0,499.0,0.6876278,730.0,651.0,0.74660355,709.0,618.0,0.6967031,0,pose_class
pose_class/frame_596.jpg,630.0,166.0,0.8052005,635.0,150.0,0.77062637,635.0,151.0,0.7083723,673.0,144.0,0.85981953,670.0,145.0,0.8085198,698.0,211.0,0.61111414,693.0,210.0,0.7609024,711.0,327.0,0.79516006,708.0,325.0,0.7624206,629.0,366.0,0.6505972,634.0,358.0,0.5648884,764.0,378.0,0.9260402,750.0,379.0,0.8467805,678.0,515.0,0.7193675,665.0,503.0,0.907875,730.0,651.0,0.92689246,709.0,619.0,0.74982166,0,pose_class
pose_class/frame_598.jpg,628.0,170.0,0.72707486,635.0,155.0,0.84273964,633.0,155.0,0.8442365,674.0,147.0,0.924877,671.0,149.0,0.78190684,697.0,217.0,0.83371216,693.0,216.0,0.69515884,713.0,334.0,0.7339957,708.0,328.0,0.7855402,627.0,367.0,0.7014286,635.0,354.0,0.6677558,767.0,380.0,0.9287037,751.0,381.0,0.84606504,678.0,515.0,0.8771186,663.0,502.0,0.8047608,730.0,652.0,0.8787056,710.0,618.0,0.6778605,0,pose_class
pose_class/frame_600.jpg,628.0,174.0,0.72222686,634.0,158.0,0.88469464,632.0,158.0,0.8437192,673.0,152.0,0.87122357,669.0,154.0,0.49721494,696.0,220.0,0.8155487,692.0,219.0,0.6523694,713.0,336.0,0.87425095,707.0,330.0,0.70632803,625.0,368.0,0.82754177,631.0,355.0,0.66534317,768.0,384.0,0.9249139,753.0,385.0,0.8365653,677.0,516.0,0.8389453,662.0,504.0,0.87256336,730.0,652.0,0.9129761,709.0,622.0,0.75555634,0,pose_class
pose_class/frame_602.jpg,627.0,178.0,0.7973156,633.0,162.0,0.84748226,631.0,163.0,0.766574,672.0,157.0,0.8396504,668.0,157.0,0.78811586,696.0,225.0,0.77398944,690.0,225.0,0.84667695,714.0,340.0,0.88190216,707.0,333.0,0.67318046,625.0,369.0,0.82750845,630.0,357.0,0.6061466,770.0,388.0,0.9260297,752.0,389.0,0.84422016,677.0,518.0,0.772282,660.0,504.0,0.85756135,731.0,652.0,0.7672843,709.0,619.0,0.64086616,0,pose_class
pose_class/frame_604.jpg,626.0,180.0,0.6346327,633.0,165.0,0.80949765,632.0,166.0,0.7578853,670.0,159.0,0.8464921,668.0,160.0,0.8364713,695.0,227.0,0.90533257,690.0,227.0,0.8051277,715.0,342.0,0.8885501,708.0,335.0,0.6439917,627.0,371.0,0.7906463,635.0,357.0,0.77114224,770.0,390.0,0.9269125,754.0,392.0,0.8338166,672.0,520.0,0.83288014,660.0,505.0,0.83232784,731.0,652.0,0.85924476,708.0,621.0,0.63781637,0,pose_class
pose_class/frame_606.jpg,627.0,184.0,0.81588596,633.0,169.0,0.68596023,632.0,169.0,0.7015326,670.0,162.0,0.8974111,666.0,162.0,0.78482574,695.0,232.0,0.8873673,689.0,231.0,0.69919986,716.0,345.0,0.8913464,705.0,335.0,0.6251634,629.0,372.0,0.81918633,634.0,357.0,0.77931,771.0,392.0,0.92635953,751.0,394.0,0.8198224,674.0,519.0,0.863597,659.0,505.0,0.9054028,730.0,652.0,0.6767842,709.0,621.0,0.62103426,0,pose_class
pose_class/frame_608.jpg,626.0,187.0,0.85532683,632.0,172.0,0.64069897,631.0,172.0,0.6263119,670.0,165.0,0.85165095,666.0,165.0,0.7024677,695.0,234.0,0.868309,688.0,233.0,0.62611127,717.0,349.0,0.71251905,705.0,339.0,0.6640377,629.0,371.0,0.7318009,632.0,356.0,0.76190364,772.0,394.0,0.9261569,751.0,396.0,0.8140731,675.0,518.0,0.83112335,660.0,508.0,0.7494974,730.0,652.0,0.91297865,710.0,621.0,0.61753744,0,pose_class
pose_class/frame_610.jpg,625.0,189.0,0.87817234,631.0,174.0,0.620855,630.0,174.0,0.58561397,669.0,168.0,0.84967464,666.0,169.0,0.8631691,695.0,237.0,0.8615801,686.0,237.0,0.858069,718.0,351.0,0.6780002,705.0,338.0,0.61956394,626.0,374.0,0.7162786,631.0,357.0,0.70275795,773.0,396.0,0.92800367,752.0,398.0,0.8178973,675.0,520.0,0.8120263,659.0,507.0,0.89441097,730.0,653.0,0.9143136,708.0,623.0,0.7455598,0,pose_class
pose_class/frame_612.jpg,624.0,190.0,0.87559026,631.0,175.0,0.7991661,630.0,175.0,0.7050572,669.0,169.0,0.80491436,665.0,170.0,0.84548485,695.0,239.0,0.85086286,687.0,238.0,0.83961374,718.0,353.0,0.6908333,706.0,340.0,0.6371862,628.0,373.0,0.84138674,632.0,358.0,0.7386812,772.0,397.0,0.924186,752.0,399.0,0.80878794,674.0,520.0,0.7325244,660.0,507.0,0.74585736,731.0,652.0,0.7567188,710.0,619.0,0.55774856,0,pose_class
pose_class/frame_614.jpg,626.0,192.0,0.87317705,631.0,177.0,0.53633463,630.0,177.0,0.7292215,670.0,170.0,0.7836013,665.0,172.0,0.8580664,695.0,240.0,0.8400753,686.0,240.0,0.82377464,718.0,355.0,0.7055799,706.0,344.0,0.6792861,624.0,373.0,0.8168811,630.0,358.0,0.6707002,773.0,399.0,0.92605793,753.0,400.0,0.80925906,674.0,520.0,0.6811472,660.0,507.0,0.7280128,731.0,652.0,0.7634002,709.0,622.0,0.5148861,0,pose_class
pose_class/frame_616.jpg,626.0,193.0,0.87099385,632.0,179.0,0.5480032,631.0,179.0,0.58175695,670.0,173.0,0.77845365,665.0,174.0,0.87898916,696.0,241.0,0.8314845,685.0,240.0,0.77463686,719.0,356.0,0.6858964,707.0,345.0,0.67358536,626.0,373.0,0.80108243,630.0,359.0,0.6243446,774.0,400.0,0.9295026,753.0,402.0,0.8150361,673.0,520.0,0.8979716,660.0,506.0,0.6970643,729.0,652.0,0.78477204,709.0,621.0,0.61835337,0,pose_class
pose_class/frame_618.jpg,626.0,194.0,0.8214525,632.0,179.0,0.85742426,631.0,179.0,0.7607722,670.0,174.0,0.6978079,666.0,175.0,0.7529703,697.0,244.0,0.8671284,686.0,243.0,0.82110584,719.0,355.0,0.8932392,709.0,348.0,0.67776906,628.0,374.0,0.80978745,631.0,361.0,0.61978996,775.0,401.0,0.89469886,753.0,404.0,0.8100499,674.0,521.0,0.7798116,659.0,507.0,0.74563485,730.0,652.0,0.80560035,710.0,622.0,0.7514855,0,pose_class
pose_class/frame_620.jpg,627.0,194.0,0.8487349,634.0,180.0,0.78934795,633.0,180.0,0.84031206,672.0,175.0,0.77921784,668.0,176.0,0.8499843,698.0,243.0,0.84316844,686.0,243.0,0.76117134,719.0,358.0,0.74391085,709.0,348.0,0.6994095,627.0,373.0,0.82648873,631.0,361.0,0.6252172,775.0,402.0,0.9269289,754.0,403.0,0.81038505,670.0,522.0,0.80679107,660.0,508.0,0.8477652,728.0,652.0,0.69337183,711.0,621.0,0.7627189,0,pose_class
pose_class/frame_622.jpg,627.0,194.0,0.8567269,634.0,179.0,0.83941895,633.0,179.0,0.7820034,672.0,174.0,0.7823174,669.0,175.0,0.8138614,698.0,243.0,0.8654234,688.0,243.0,0.8113961,719.0,357.0,0.69867295,709.0,348.0,0.7011894,628.0,374.0,0.8037382,631.0,361.0,0.6206028,775.0,402.0,0.92216057,754.0,403.0,0.8102029,672.0,520.0,0.88555735,660.0,506.0,0.6939491,728.0,651.0,0.7726862,709.0,620.0,0.64170194,0,pose_class
pose_class/frame_624.jpg,630.0,194.0,0.75852823,637.0,179.0,0.6338687,635.0,179.0,0.61313105,674.0,173.0,0.90322936,670.0,173.0,0.7895675,699.0,242.0,0.88955146,690.0,243.0,0.8731381,719.0,357.0,0.7169024,710.0,347.0,0.73316,628.0,373.0,0.8042872,633.0,360.0,0.6522989,776.0,403.0,0.91716534,755.0,404.0,0.8137108,673.0,521.0,0.9016162,659.0,507.0,0.7663741,729.0,652.0,0.8379196,711.0,621.0,0.64024115,0,pose_class
pose_class/frame_626.jpg,631.0,191.0,0.8006181,638.0,176.0,0.7979815,637.0,176.0,0.6217787,674.0,172.0,0.9246862,672.0,172.0,0.82498854,700.0,241.0,0.8790421,692.0,241.0,0.67623496,719.0,356.0,0.69939315,709.0,346.0,0.7190059,628.0,373.0,0.8209275,632.0,360.0,0.6412965,776.0,402.0,0.9223331,756.0,403.0,0.8113959,672.0,521.0,0.8780786,660.0,507.0,0.80704665,730.0,653.0,0.84810555,710.0,622.0,0.65364444,0,pose_class
pose_class/frame_628.jpg,633.0,188.0,0.8592691,640.0,174.0,0.6645975,638.0,174.0,0.5423406,679.0,171.0,0.8344052,675.0,172.0,0.8566372,701.0,239.0,0.89575946,694.0,239.0,0.75007796,719.0,354.0,0.712757,710.0,345.0,0.7269457,626.0,371.0,0.8041448,630.0,359.0,0.64115006,776.0,402.0,0.9240445,756.0,403.0,0.8170325,673.0,520.0,0.6916622,660.0,506.0,0.82282853,729.0,653.0,0.88858134,711.0,622.0,0.658255,0,pose_class
pose_class/frame_630.jpg,634.0,184.0,0.8415074,642.0,170.0,0.75725156,640.0,169.0,0.70305634,681.0,168.0,0.8815522,677.0,168.0,0.5182243,702.0,238.0,0.67935884,696.0,235.0,0.8389943,719.0,352.0,0.7457918,710.0,341.0,0.71700025,632.0,371.0,0.8339815,637.0,357.0,0.73105526,774.0,399.0,0.8668906,755.0,400.0,0.8121211,674.0,520.0,0.7760662,660.0,506.0,0.82944065,729.0,653.0,0.8898412,708.0,623.0,0.7550559,0,pose_class
pose_class/frame_632.jpg,636.0,176.0,0.8130783,643.0,163.0,0.5072925,643.0,162.0,0.578068,682.0,162.0,0.85846984,679.0,161.0,0.8006764,704.0,232.0,0.7356346,697.0,230.0,0.8644926,718.0,345.0,0.90021443,708.0,338.0,0.73013866,629.0,370.0,0.7403298,633.0,355.0,0.7797214,773.0,395.0,0.9234974,755.0,397.0,0.81477046,674.0,518.0,0.83658665,661.0,506.0,0.80765855,729.0,653.0,0.8801823,709.0,622.0,0.7127406,0,pose_class
pose_class/frame_634.jpg,639.0,169.0,0.6972314,647.0,155.0,0.9136258,645.0,155.0,0.8533553,685.0,154.0,0.90818584,681.0,154.0,0.7283627,706.0,223.0,0.7123971,699.0,222.0,0.74611807,716.0,339.0,0.8673146,709.0,330.0,0.55428815,627.0,369.0,0.7984743,633.0,356.0,0.77855575,770.0,389.0,0.92533237,756.0,390.0,0.8363559,676.0,518.0,0.8927438,662.0,504.0,0.8661437,731.0,652.0,0.8550941,711.0,619.0,0.66214097,0,pose_class
pose_class/frame_636.jpg,641.0,160.0,0.6523335,649.0,147.0,0.7907429,648.0,146.0,0.86473995,686.0,146.0,0.9023542,684.0,145.0,0.838885,708.0,215.0,0.8174403,700.0,214.0,0.55578923,713.0,331.0,0.851016,705.0,323.0,0.5701852,628.0,370.0,0.8375375,636.0,355.0,0.7917439,769.0,380.0,0.92678404,754.0,381.0,0.83837694,678.0,515.0,0.85154814,664.0,501.0,0.8599952,730.0,652.0,0.8597925,709.0,616.0,0.53710985,0,pose_class
pose_class/frame_638.jpg,644.0,149.0,0.5744802,652.0,135.0,0.7271004,651.0,135.0,0.75196326,688.0,135.0,0.9243062,686.0,134.0,0.81830025,711.0,206.0,0.80564594,701.0,206.0,0.78269035,711.0,320.0,0.6560639,702.0,314.0,0.7362888,627.0,368.0,0.84021795,635.0,353.0,0.7296041,763.0,373.0,0.8920604,749.0,375.0,0.8435466,680.0,511.0,0.8319057,666.0,499.0,0.7786919,730.0,651.0,0.6710128,710.0,622.0,0.5887013,0,pose_class
pose_class/frame_640.jpg,647.0,137.0,0.554585,656.0,125.0,0.7740266,654.0,124.0,0.85574234,693.0,123.0,0.9166093,690.0,122.0,0.7506988,711.0,197.0,0.90408283,700.0,197.0,0.8543919,707.0,312.0,0.66598773,696.0,304.0,0.7238301,630.0,367.0,0.8038679,630.0,350.0,0.70976424,758.0,366.0,0.8872259,743.0,366.0,0.83554554,684.0,510.0,0.8014931,669.0,496.0,0.68125904,730.0,653.0,0.81163096,710.0,618.0,0.6399014,0,pose_class
pose_class/frame_642.jpg,648.0,127.0,0.52626294,657.0,115.0,0.80322033,656.0,114.0,0.84520745,695.0,115.0,0.5987404,692.0,113.0,0.68924224,713.0,187.0,0.8762639,703.0,187.0,0.8534285,702.0,302.0,0.8102237,693.0,296.0,0.77036977,632.0,363.0,0.8174324,632.0,349.0,0.5773045,752.0,358.0,0.8681962,740.0,360.0,0.85149413,688.0,508.0,0.77445257,676.0,493.0,0.6651925,728.0,650.0,0.90360886,709.0,616.0,0.5747576,0,pose_class
pose_class/frame_644.jpg,649.0,120.0,0.8257581,657.0,106.0,0.740067,657.0,105.0,0.713686,694.0,108.0,0.76300055,693.0,106.0,0.65984464,712.0,181.0,0.92117095,705.0,179.0,0.9050005,695.0,293.0,0.7644739,689.0,289.0,0.6947825,629.0,362.0,0.65357095,631.0,350.0,0.5925554,750.0,353.0,0.92579234,736.0,355.0,0.85504687,693.0,508.0,0.7592785,677.0,493.0,0.8792163,729.0,653.0,0.82056236,706.0,619.0,0.5660909,0,pose_class
pose_class/frame_646.jpg,651.0,111.0,0.5504886,659.0,100.0,0.82226646,658.0,99.0,0.8777847,698.0,101.0,0.71426576,694.0,100.0,0.5239012,712.0,173.0,0.7979401,706.0,173.0,0.87345564,691.0,286.0,0.7071331,686.0,283.0,0.7052006,632.0,358.0,0.71831715,633.0,349.0,0.4445035,742.0,349.0,0.8456122,733.0,351.0,0.85001665,698.0,508.0,0.8856299,681.0,491.0,0.8851693,730.0,650.0,0.8436242,705.0,618.0,0.7574228,0,pose_class
pose_class/frame_648.jpg,651.0,106.0,0.6876235,661.0,93.0,0.8490889,660.0,92.0,0.8369525,697.0,97.0,0.72109634,696.0,95.0,0.6356828,712.0,170.0,0.8564618,706.0,169.0,0.87345797,690.0,280.0,0.7017524,683.0,280.0,0.6641591,629.0,356.0,0.53756344,632.0,350.0,0.5839598,739.0,348.0,0.90685296,729.0,349.0,0.75490046,698.0,505.0,0.831918,684.0,493.0,0.8270373,731.0,652.0,0.7113986,707.0,620.0,0.57392514,0,pose_class
pose_class/frame_650.jpg,652.0,101.0,0.71430576,662.0,88.0,0.61245835,662.0,87.0,0.57937,701.0,94.0,0.92220366,699.0,93.0,0.7768204,710.0,167.0,0.8687502,709.0,164.0,0.86227375,689.0,277.0,0.7344068,686.0,277.0,0.68814087,630.0,353.0,0.5849832,635.0,348.0,0.6135114,733.0,347.0,0.8919387,726.0,347.0,0.7637312,702.0,507.0,0.841938,691.0,494.0,0.80177826,730.0,650.0,0.7199211,708.0,618.0,0.67828333,0,pose_class
pose_class/frame_652.jpg,654.0,99.0,0.73514307,663.0,86.0,0.836444,663.0,85.0,0.8279743,699.0,91.0,0.7598156,699.0,90.0,0.6360875,711.0,165.0,0.8763485,709.0,161.0,0.8725761,686.0,275.0,0.7258247,683.0,274.0,0.6806884,628.0,353.0,0.69207144,633.0,347.0,0.514591,730.0,345.0,0.8902716,724.0,345.0,0.7858149,706.0,507.0,0.8806778,695.0,498.0,0.88970363,731.0,652.0,0.88796407,707.0,617.0,0.7822851,0,pose_class
pose_class/frame_654.jpg,655.0,97.0,0.6111464,665.0,85.0,0.7282653,664.0,84.0,0.80079424,703.0,90.0,0.8005992,701.0,88.0,0.6011739,711.0,165.0,0.7498609,710.0,160.0,0.8316401,683.0,273.0,0.7087687,681.0,273.0,0.66216624,626.0,351.0,0.65668833,633.0,344.0,0.56627184,725.0,344.0,0.768901,720.0,344.0,0.77968764,708.0,505.0,0.7948056,697.0,497.0,0.8702326,731.0,650.0,0.84232616,709.0,618.0,0.74806297,0,pose_class
pose_class/frame_656.jpg,657.0,96.0,0.7314092,666.0,83.0,0.7995101,666.0,82.0,0.7992779,703.0,90.0,0.833217,702.0,88.0,0.6870856,710.0,163.0,0.84401673,711.0,159.0,0.8836598,684.0,270.0,0.57416314,684.0,270.0,0.61871374,631.0,349.0,0.70977557,634.0,344.0,0.48426205,722.0,342.0,0.8780595,718.0,341.0,0.79504657,710.0,505.0,0.85188854,702.0,497.0,0.8094944,729.0,648.0,0.82516336,710.0,619.0,0.8265308,0,pose_class
pose_class/frame_658.jpg,656.0,97.0,0.67469275,666.0,84.0,0.80891293,666.0,83.0,0.84847057,706.0,89.0,0.765337,702.0,88.0,0.5982593,710.0,160.0,0.87455153,712.0,158.0,0.7183296,683.0,270.0,0.6184628,683.0,271.0,0.65187967,633.0,348.0,0.68634397,635.0,344.0,0.5495406,718.0,341.0,0.86314,715.0,340.0,0.78876615,712.0,505.0,0.78416264,701.0,496.0,0.8643248,730.0,649.0,0.753331,709.0,617.0,0.83874536,0,pose_class
pose_class/frame_660.jpg,656.0,95.0,0.6434884,666.0,83.0,0.7216044,666.0,81.0,0.72529685,704.0,87.0,0.7234422,701.0,86.0,0.54569495,709.0,161.0,0.8301077,711.0,157.0,0.7864698,681.0,270.0,0.653196,680.0,271.0,0.66961014,633.0,347.0,0.77523816,635.0,342.0,0.56213933,714.0,340.0,0.8712872,712.0,339.0,0.80550504,713.0,503.0,0.86201483,706.0,499.0,0.75337946,729.0,649.0,0.84774697,709.0,618.0,0.63830703,0,pose_class
